hospital_id,hospital_name,location,contact_number,email
67715,"Trevino, Wilson and Burns",Colinmouth,388-310-6689x01931,hannahrose@hill-king.com
22310,"Hudson, Williams and Flowers",Brianside,(864)364-9255x86256,jennifer72@morris.com
32160,Holmes-Wright,New Jesse,590.615.3986,davidgarcia@thomas.com
93679,Smith PLC,Darrenchester,(973)551-7581x999,thenry@williams-perez.com
88325,Davis Inc,Joseside,3639886602,mason19@stone.com
22279,"Gibson, Gonzales and Hurst",Nicolechester,001-616-297-0669x854,smithshelly@burns.biz
21684,Herrera-Long,Martinezhaven,(928)276-2194x6686,jacobkim@stein-villanueva.info
74743,Nguyen-Osborne,New Sandraport,+1-914-441-4073x029,vmarshall@johnson-graham.com
60738,Robbins-Oneal,Lake Robin,362.226.8021,jennifer54@golden.com
73078,Hogan-Morris,Lake Kellyside,+1-220-640-2457x1580,alyssaschneider@hartman-foster.net
22191,Berry-Weber,South Stacey,001-681-907-5539x778,lingram@lane.com
17609,Bender-Flores,Amyport,(970)536-2568,jennifer13@henderson.com
10043,Bond Group,Katiechester,650.673.2484,xheath@miller-parker.info
21483,Daniels-Williams,Christianbury,756.976.2341x617,steven75@richardson.info
65387,Pollard LLC,Mariamouth,(880)673-8275x721,cranemary@watkins.com
77328,Clark Group,Lake Cheyenne,+1-529-960-5233x9432,brownguy@riley.com
20479,"Mason, Mitchell and Ballard",Kevinborough,950-522-2318x322,alicia54@gonzalez.info
38331,Davis-Kirby,East Benjaminport,590.657.4394x4562,nsmith@barrett.info
1881,Ochoa-Clark,New Tabithamouth,+1-929-479-5439,jhampton@ramsey-savage.com
59571,"Wagner, Bailey and Short",Williamtown,(460)634-7515x0207,hodgeshoward@harris.biz
87478,"Foster, Morales and Sims",Collinshaven,+1-325-940-9566x6467,benjaminfisher@dillon-valentine.com
40811,Gardner-Collier,New Matthewland,290-582-7542,nancycastillo@kelly-farley.biz
28950,Patrick and Sons,Bradleybury,(652)588-1236,elopez@bennett.org
96338,Perez-Moses,Williamschester,+1-971-608-0477x8206,austin57@brooks-watson.com
76057,Green-Roberts,South Bryanland,+1-264-649-8591x813,qkim@freeman.com
34237,"Harrison, Strong and Stevenson",West Pamela,542.472.7796x624,christinejohnson@hill-white.com
51705,"Vincent, Sharp and Garcia",Marialand,577.522.7817x489,jasonclark@lyons.com
5957,"Ruiz, Fischer and Mckinney",Lake Angela,7519444213,tlittle@murphy.com
39431,"Smith, Pruitt and Wilkinson",Birdfort,542.530.5986x8665,drobertson@gillespie-joseph.net
87274,Yu and Sons,New Melindaland,+1-259-564-2934,samuel15@carson.com
53674,"Walker, Franklin and Le",Thompsonbury,256.672.6124x6241,gonzalezjeffrey@stephenson-chapman.biz
42542,"Duncan, Jenkins and Robinson",Kempmouth,(420)865-3951,kellybrooks@mcgee-smith.com
78440,"Cooper, Frank and Adams",Shannonside,001-962-842-4063x855,pdavila@pena-greer.net
57800,Stephens-Williams,West Stephanie,324.659.8584x438,kim43@johnson-hall.biz
96373,Miller LLC,South Haleyberg,346.760.2838,herrerajason@delacruz.info
55238,Warren and Sons,Port Christine,001-723-383-2375x30719,steven88@brown.org
52080,"Turner, Barrett and Taylor",Zimmermanfort,915.360.9265,ppatel@bush-paul.com
86436,Davis Group,New Erin,501-282-0301,victoria77@carpenter.net
11060,Long PLC,Kyleberg,9533690048,sherrifletcher@merritt.com
89094,Pham-Mckenzie,Port Marisa,001-509-982-7967x496,gonzalezmark@briggs.info
41744,Li-Mccarthy,Rebeccachester,5885914919,joe99@hill-jackson.com
6069,"Morris, Welch and Rose",Williamston,+1-533-815-6913x4989,sarahsmith@li.com
616,Perez LLC,Elliottmouth,+1-296-400-5474x10705,vhall@walker-hamilton.net
7297,Wheeler-Valdez,East Tinafort,287.323.5411x31980,serickson@pope.com
75902,"Mora, Castro and Hall",Port Anthonyshire,413.857.6193,terri75@koch-soto.net
89688,Duran Ltd,Luisview,(342)221-3221x012,prose@lee.com
43243,"Wilson, Hunter and Vance",Hunttown,243-476-5986,carolharris@patrick-hill.org
6402,Robbins and Sons,New Lori,(852)439-7653,qmurray@ponce-rosales.info
9559,Williams-Olson,South Bruceville,875.781.7702,georgepratt@castaneda.com
96683,Christensen PLC,Mayborough,+1-701-556-0503x999,castroelizabeth@johnson.biz
2592,Hernandez Ltd,Lake Lindsey,+1-934-887-1423x5967,bdouglas@sparks.com
9711,"Smith, Giles and Jones",Garymouth,604-938-4170x84200,kenneth17@long.info
31577,"Medina, Holden and Sims",Mariamouth,3825835863,anthonywatson@warner.com
87296,"Henson, Bailey and Riggs",Dodsonshire,+1-687-531-9699x86172,andrea66@thomas.biz
44974,Barton-Williams,East Christopherhaven,+1-671-810-9422,ubryant@ramos-ellis.com
46363,"Cole, Davis and Shepherd",Paulhaven,(788)674-5466x51321,jamielopez@baxter-gomez.net
39348,Bullock-Myers,New Davidstad,3757149140,umiller@robinson-williams.biz
64048,Rogers-Robinson,Coxmouth,538-261-9295x2818,lincynthia@duncan.com
1146,Elliott and Sons,Juanville,845-622-8938,nathankeith@wolfe-chapman.biz
58975,Holden-Landry,Port Brandy,+1-985-484-4164x641,vernon27@collins.com
51726,"Hunter, Jennings and Shea",New Rita,001-387-548-8889x933,taylorsara@wright-guzman.net
81954,Gonzalez-Santos,South Andrew,3405710782,qhuynh@mayo-mcmillan.com
108,"Conley, Murray and Long",Jesusberg,(384)694-9941x8105,harry31@collins.biz
14467,"Wade, Potter and Hall",Theresastad,5759792170,patriciahopkins@johnson.com
60561,Hunter PLC,East Stephanie,342.215.4592,nathan56@mcgrath.com
84190,Benson Group,Saundersmouth,862-967-1510x8968,holderrobert@evans-crawford.com
7247,"Gutierrez, West and Diaz",Lake Maryside,+1-642-852-1546,qwarren@gilbert-macias.com
16504,Arnold-Arnold,New Shelly,+1-517-905-3035x7921,josemartin@logan.net
30755,"Cortez, Sherman and Fernandez",Lake Johnshire,(776)371-9004x906,vmullen@sanchez.info
7652,Sims-West,East Jennifermouth,001-950-819-4826x181,cruzamanda@leonard-hill.com
22789,"Martinez, Williams and Olson",Rodriguezmouth,(719)955-3313x69549,jacobsshawn@bowman.com
77474,"Hess, Hart and Hall",Singletonberg,7874086509,dale53@hernandez.com
73140,Mcdaniel LLC,Jenniferville,912.234.8147x065,bryan20@figueroa-gaines.com
68185,"Henry, Reed and Mendoza",Donnaberg,291.638.1196x63900,kimberlywilliams@anderson.com
36632,Cobb and Sons,Robersonfurt,+1-711-405-8041x061,thomas94@curry-ortega.com
37799,Lopez-Wilson,Johnmouth,(729)450-3898x689,yspence@walker-martinez.com
27449,Jenkins Inc,Stephenmouth,(203)291-4986x3541,carolinegreen@moreno-schwartz.com
19039,Gillespie-Camacho,Hansenstad,900.679.3725x7897,eric46@coleman.com
12447,"Malone, Rios and Craig",New Ralph,857-319-9361,ryan17@baker-castro.info
63586,Cardenas and Sons,Kennedyshire,+1-467-626-2056x0612,ihansen@hernandez.com
13705,Wallace Inc,South Jamesmouth,678.503.1833x138,guzmancrystal@gallagher.com
19425,"Davis, Buck and Meyer",East Craigfort,697.910.7045x1246,househeather@schneider.biz
3206,West Inc,Lake Howardland,394-793-3404,tammy85@lewis.com
52149,"Young, Garcia and Pollard",East Angela,2682695468,kellis@carson-ashley.com
12223,Schultz-Gonzalez,Lake Scottstad,537-236-7915,lisalopez@wallace-wu.com
39749,Santana Ltd,West Jason,(997)509-2456x88325,seancastro@guzman-reeves.net
87052,Hill Inc,North Margarettown,8604722311,vickiethomas@warren.biz
62342,Cardenas LLC,New Mike,581-271-3024x545,brivera@pacheco.org
40159,Marshall Group,North Brittneytown,001-875-521-7353x42224,jensenchristopher@white-jones.com
23533,"Huynh, Hays and Trujillo",Dyershire,930.691.7918x625,taylor56@brown.com
11085,Mitchell and Sons,Lake Aaron,207.590.7225x3123,andreabutler@king.info
87575,"Fleming, Franklin and Little",West Jenniferbury,414-569-3204x911,mckinneyalex@scott.com
21004,Jones Ltd,Brownland,609-255-3585,jspencer@ellis.com
34614,"Hopkins, Scott and Rodriguez",Olsonside,328.215.1140,palmerdavid@larson-castaneda.com
90546,Ortiz Inc,Port Gina,001-420-300-2810,alexis48@wilson.com
66963,"Smith, Joseph and Woods",West Anthonyview,7693333221,andrea95@franklin.com
76553,"Webb, Davis and Robinson",Lake Jennifer,+1-865-206-3980x31703,lisa56@flores.org
5260,"Duke, Ryan and Gonzalez",Hallport,001-247-632-7935x8247,uedwards@arnold.com
87051,"Bowman, Bautista and Pena",Port Raymondbury,949.721.0809x205,griffithjames@mcdonald.info
58202,"Taylor, Mason and Whitaker",South Sheilafurt,331-981-2416,jesusdaniels@hernandez.com
48278,"Hill, May and Roth",Lake Amy,393-903-4043x84286,bruceblevins@guerra.com
31714,Martinez-Ruiz,North Juan,966.623.4366x9865,christinemurphy@montgomery-lawson.biz
82891,Osborne LLC,Kathleenport,720.688.9865x256,yford@robbins.com
9594,"Walton, Potts and Smith",Rodriguezport,7318565772,ericlivingston@middleton-austin.net
51565,"Romero, Coleman and Hernandez",Port Sandraside,3238081051,gkline@thornton-richards.com
1098,"Moore, Spears and Kaiser",Christinaton,2433394230,marshjohn@wood-foster.com
17233,Wise Ltd,Jacksonberg,219.235.1573x18257,sroberts@smith.com
83514,Lee Group,East Heather,001-864-770-4678x31001,ellen53@martinez.com
94156,Morris PLC,Andrewport,8974658957,imarks@wallace.com
3185,"Jackson, Miller and Davis",Port Tiffanyberg,323-509-3274x710,hebertjason@stanley.com
31181,Parker-Waters,South Brittany,293-412-4985x650,davisadam@ramos.com
73200,Moses PLC,Roweberg,978.445.2413x35172,johnsonedward@aguilar.com
10988,Ali LLC,East Donald,(496)366-1561,cwolf@harris.biz
63224,Thompson PLC,South Joshuaport,471-937-5989x912,smithbrenda@richardson-brown.com
87826,Johnson Inc,Margaretville,(922)905-1110x471,bryanpeck@kemp.com
93500,"Gibbs, Butler and Curtis",Cruzland,+1-907-547-1308x186,leestephanie@rice-garcia.com
55259,"Harris, Morgan and Mitchell",Port Anthonyside,383.285.4766,pamela65@kelley-walker.info
28893,White-Sanders,Kimberlychester,3047032667,llopez@garrett.com
29828,"Morgan, Leonard and Walters",Larsonhaven,001-282-324-7637x3396,ilawrence@livingston.info
42213,Gutierrez-Torres,New Dustinstad,643-941-0590,hayeselizabeth@williams.info
96089,"Church, Hill and Benson",Port Karen,001-227-640-9884x910,joshuathomas@oliver.net
82379,"Perez, Barnes and Boyd",Port Gina,8624111219,kevinking@anderson.info
94554,Spears Ltd,Christopherchester,2248941669,joshualove@castaneda.com
33190,Jimenez-Beasley,Smithborough,(884)846-9083x46645,hansenstephanie@thomas-randolph.com
42335,"Rollins, Gardner and Hill",Port Jennifer,350.496.5825,amoore@martinez.com
62969,Chambers PLC,West Robin,689-908-8590,kristinpope@cox.info
24590,Berg-Walker,North Brian,001-589-341-2715x410,robertvaughn@briggs-ruiz.com
80228,Hughes-White,Wilsonberg,838.817.0219x6983,hjohnson@herrera.org
94204,"Gentry, White and Simmons",Wilsonburgh,4383600396,austinbishop@patel.net
47499,"Patel, Spencer and Smith",New Patrick,691-228-1184,gabriel70@sullivan.com
19423,"Powell, Peterson and Meyer",Lambertberg,+1-262-319-7812,hwells@villa.com
55586,"Johnston, Perez and Yu",East Larry,+1-437-984-5597,bradley93@davis.com
78574,Lowe Ltd,North Christine,377-249-9994,rnewman@davis-rodriguez.biz
86793,Montoya Group,Lake Samanthabury,+1-288-540-8582x9657,soliver@page-henry.com
61070,"Guzman, Spears and Kim",Kelleyview,001-836-882-5000x659,chloe52@kennedy.biz
73584,Hall-Mccullough,West Ana,+1-261-778-8178x2302,nicholasanderson@rivera.com
52854,"Li, Kirk and Harding",West Ashleyville,234-580-9887,qrodriguez@hahn-cervantes.com
61443,"Aguilar, Curtis and Garcia",Lake Jenniferfurt,001-541-657-3212x1390,qparks@weiss.com
3655,Fischer-Bird,Rodneyfurt,625.596.2791x1922,trangordon@cisneros.com
69336,"King, Scott and Robbins",Tonyside,(323)511-5244,gabrielle90@pope-moore.info
56795,Murray PLC,Loweberg,+1-427-290-9830x31128,desireeespinoza@moore.com
48839,Jordan LLC,Washingtonfurt,+1-320-401-7756x81046,claire33@williams.info
11911,Gonzales-Mitchell,East Carolyn,+1-907-350-4234x90355,welchnicole@peterson-parker.com
95978,"Nichols, Mann and Blake",Benjaminborough,(438)669-5536,tyronerobinson@lambert.net
21655,"Thompson, Henderson and Allison",Garciabury,(730)243-9039x145,uyu@townsend.com
63143,"Bell, Ramos and Brown",West Rosehaven,+1-771-468-6369x2929,davischristina@santos.com
9063,Gordon Ltd,Lesliefort,+1-707-945-9463x0730,brandonsimmons@harris-mccoy.com
72447,Rivera-Walker,West Garretttown,(507)573-5631x19737,wrightjohn@nguyen-jones.com
69683,Carroll-Jones,East Samueltown,946.796.4816,watsonjames@turner.com
84982,"Peck, Le and Hoffman",West Daniel,669-922-0621,scottlisa@powell.com
25500,"Morris, Odonnell and Watkins",North Jacqueline,3902877518,kdoyle@marshall.net
13357,Pruitt and Sons,South Kiarashire,+1-604-830-6029x4252,warrenlewis@flores-morrow.com
47501,"Hicks, Myers and Bishop",Townsendtown,+1-202-720-8872x2714,progers@jackson.biz
52454,Freeman-Santana,Wagnerhaven,824-945-6673x3050,rrose@reynolds-miles.com
9395,"Smith, Gray and Garcia",Rogerschester,233.795.9099x9376,nathanmonroe@dunn.biz
47131,Terry Group,South April,001-930-645-4992,andrewjones@jimenez.com
52169,Bates-French,Jerrymouth,719-416-0488,andersonshane@campbell.biz
45598,Walter Group,Matthewmouth,858-247-6636x57137,mallory63@randolph.com
56719,"Reeves, Cline and Zimmerman",Lake Dannyburgh,345.219.9425,wwilliams@sparks.com
84341,"Bass, Blake and Graham",West Matthewport,(861)261-1174,kevinhess@glover.com
34775,Chavez-Bell,Amandahaven,599-862-8348x07770,michael71@juarez.com
65770,"Hanson, Dickerson and Travis",West Julianfurt,375-914-2429x328,joseph43@hughes-wu.info
19416,Griffin-Morse,North Haley,2764145937,dustin35@rush.biz
49148,"Collins, Wood and Rubio",South Johnmouth,501.280.2573,qvalentine@neal.com
208,Hayes and Sons,Newtonport,537.306.1339,bakertammy@henderson-woods.com
16498,"Burgess, Brown and Cruz",Berryside,662-872-7697x11351,peggy56@cruz-carroll.com
80661,Allison LLC,Port Anthonyland,+1-988-948-2670x224,paulmiller@dunn.com
80311,"Watkins, James and Campbell",Lake Laurafurt,+1-710-782-2636x58404,penamaria@ford-phillips.com
41350,Booker-Brown,New Dominic,001-316-484-0536x8849,kramirez@figueroa.com
5752,"Nguyen, Anderson and Norman",North Aaron,+1-370-703-8845x180,danielperez@campos-pearson.info
133,Marshall Ltd,New Yeseniafurt,(556)983-8091x0502,collinsjenny@rivera.com
29502,Barnes-Patrick,Lake Tony,001-604-416-1006,sconley@lopez.biz
18179,"Hensley, Guzman and Rios",North Jerry,5516658441,chelseabrown@woods-nash.net
99012,Graves-Smith,East Matthewburgh,903.246.5327,kentparker@fitzgerald.info
33908,Allen-Brown,Stevensonshire,(429)652-0857x5670,jonathanhawkins@mathews-fitzgerald.info
30161,"Mclaughlin, Edwards and Rodriguez",Janeland,(698)555-7869x8594,svaughn@bautista-murphy.info
78172,Thompson-Golden,Ericastad,+1-721-801-1461x816,brownmaria@walters-glover.org
67831,"Martin, Mullen and Blackburn",Lake Karenmouth,001-928-250-3844,vmitchell@jones.com
53977,"Stevens, Rollins and Lowe",Port Nicholas,850-874-6753,abigailburke@cole-nelson.com
24151,Griffith-Perez,Armstrongtown,767-861-1757x204,russelltammy@davis-burton.org
13946,Coleman-Sanders,Port Jeffrey,809-644-9645,aguilarshawn@hayes.com
57181,"Castillo, Jefferson and Cruz",Warrenborough,362-931-8330x89359,louis79@cruz.com
4092,"Jones, Hancock and Jordan",Wubury,001-327-582-8353x6388,hughesshawna@watts-ayers.net
83599,Acevedo PLC,Mistytown,412-730-5696,david81@chang.com
52803,Miller-Wolfe,East Kyleview,8986210675,tonylambert@smith.info
11983,Noble PLC,Jonesstad,(662)328-3069x580,angelajohnson@jackson.biz
57677,"Owens, Jones and Hill",Blairfurt,710.234.4841,kimberly74@davis.com
59185,"Baker, Jones and Pratt",Lancehaven,001-748-519-8149x793,jamesreeves@klein-wood.com
86188,Burns LLC,Serranomouth,001-647-498-0977x5857,rachelmack@lester.com
12833,Casey-Jackson,Victoriachester,872.580.9686x972,burkephillip@martinez.com
41869,Baxter-Shepard,Johnsonton,279-678-4222x3891,jacobsnyder@harrison-saunders.biz
21936,Hudson LLC,Elliottville,+1-641-908-3347,jessica55@terry.com
21333,Baker-Rodriguez,Cameronborough,733.854.2177,zlittle@moreno-hughes.biz
40211,"Mahoney, Williams and Whitehead",South Tiffany,(859)234-0060x370,molly23@hunt.biz
10696,Gallagher LLC,Tiffanyside,(915)854-6211x90298,ksalazar@gutierrez.biz
45339,Blair LLC,Nixonshire,3309434047,bmitchell@davis.net
42058,Robbins-Shelton,Fisherside,001-915-753-0977x402,maryjensen@thomas-wallace.com
35114,"Perez, Munoz and Martin",Kristinamouth,001-925-403-7539x0440,williamcooper@pope.com
60714,Smith-Hogan,Erinburgh,988.604.9667,gouldrenee@mcgrath.biz
72589,"Lindsey, Young and Ramirez",West Michael,344.447.3829,ccollier@rogers.com
38718,Casey Group,Tamaraside,(603)622-9798x7768,scottsutton@robinson.com
48008,Parker and Sons,South Maureen,(992)577-5026,lee27@sanchez.com
48396,Martinez Ltd,Port Ianton,(660)905-9870x267,christopher03@johnson-garcia.com
58102,"Frederick, Hawkins and Flores",Port Lucasfurt,(438)984-9626x6288,kyleparker@morales.com
991,Carlson PLC,Port Melindachester,+1-830-634-1827x265,robert20@hernandez.com
55417,"Hayes, Bailey and Bernard",South Latoyahaven,001-285-356-0634x74827,jenniferclark@clark.com
92948,Downs-Phillips,Lake Karenland,716-887-7439,nguyenjeremiah@rivers.net
75539,Houston-Foster,Amberstad,893-366-3798,amanda97@jimenez.com
91413,"Vincent, Reyes and Lawson",Nicholasbury,737-369-2713,julie20@patel.com
10752,"Trujillo, Flores and Guerrero",Thompsonborough,457.770.4733x774,rgardner@parker-mays.com
1018,Brewer Inc,New Laurabury,781-986-6667x643,daniel38@walsh.net
28790,"Hughes, Lewis and Ochoa",Kennethburgh,+1-318-307-8389x837,swansonkeith@swanson.com
80491,"Gonzalez, Hayes and Davis",Lake Virginia,947.920.6724x6815,beasleygabriel@kerr.com
79950,Anderson Group,South Alexander,001-528-816-6344x1446,lucastorres@gomez.biz
83073,Carter-Taylor,Ramosland,9684843411,amygonzalez@nelson.com
67653,"Spencer, Mckinney and Skinner",Kellymouth,(825)208-7099x694,theresa87@foster-allen.com
73857,"Thompson, Ballard and Chavez",Rochabury,001-873-968-1670x331,youngjeremy@stephens.net
57051,Walls-Griffin,Rossbury,(796)755-7115x43385,lisawalker@bauer-thomas.net
16531,"Wood, Velasquez and Parks",East Franklinchester,942-448-5672x284,jonesashley@bailey-herrera.com
9993,Brewer-Moore,Mcmillanside,847-792-7960,greensylvia@gentry.biz
35842,Baird Group,North Alexishaven,975-772-7549x9625,mthompson@smith-valdez.com
58874,"Liu, Harris and Mitchell",East Jennifershire,(469)998-9742x1013,nschultz@johnson.net
88199,Garcia and Sons,South Stevenview,280.363.4729x849,linda71@wolfe.org
84059,Perkins-Rios,Seanburgh,(594)908-9482,longbrandon@gould.org
29300,Alexander LLC,Port Stevenland,3474792140,wmann@vargas-tran.com
24412,Alexander-Mullen,Thomasburgh,764.705.5815x7542,davidleon@jackson.org
76689,Bryant Ltd,Porterton,969.348.2347x978,martinezharold@parker.net
36592,Cook and Sons,Trujillohaven,+1-372-579-6353x697,samantha26@thomas.com
3443,"Chang, Perez and Wilson",West Jefferyberg,(218)583-0947x23719,hwheeler@mcbride.com
54927,Ponce Group,Juliebury,001-433-323-4449x071,travis56@chang-roman.org
26424,Williams Inc,East Yvetteshire,001-379-391-3397x3291,millermonica@stafford.com
1417,Hahn Group,Rogersfort,(723)851-9011,michaeladams@carlson-joseph.info
52462,Austin LLC,Newtonport,(809)760-1759x2390,taylorsara@henson.biz
82689,Michael PLC,New Ericaton,(591)891-7236,hernandezkimberly@michael.biz
38992,Werner-Cross,New Darrell,5774093403,williamgoodwin@williams.com
27071,Davis-Knight,North Johnborough,+1-492-794-4320x65199,pollardkyle@oconnor.org
45866,"Hines, Palmer and Anderson",Hendricksfurt,516-772-8763x183,debbieflores@martin.biz
65249,"Williamson, Peterson and Bentley",Reidborough,(589)276-1361,mckenziesharon@henson.info
91961,Anderson-Stephens,Martinmouth,001-518-963-2739x7278,dicksonmatthew@bradford.com
57443,Holt-Rowland,North Abigailhaven,797-771-1407x807,joandennis@bell.com
76419,Phillips-Suarez,Hartburgh,(478)519-0245,henrymichael@hill-morgan.biz
82085,"Foley, Miller and Griffin",Fieldsstad,001-941-856-8320x8755,youngtimothy@wade.com
71790,Livingston-Berger,Nealburgh,+1-654-976-7222,robert33@acosta.com
82345,"Heath, Evans and Gonzalez",Juanberg,001-924-805-2546x3442,stephaniemosley@bennett.com
35029,Cooke Group,Port Abigailborough,3572000273,helen75@harris.info
31749,Hayes PLC,North Meghanland,(635)900-3518,kenneth67@brown.net
91166,Harrison-Ortiz,Frenchstad,+1-615-316-0609x0692,lmartinez@cunningham-bradley.com
36885,"Munoz, Wheeler and Nelson",West Josestad,259-974-6439,ybarber@lee.biz
20167,Pham-Chandler,East Adam,740.251.4403x492,samantha09@anderson.biz
46828,Campbell PLC,Adamsland,001-614-530-5083x76517,luismartinez@giles.com
